Angela D.,Alsobrooks,374 Russell Senate Office Building,Washington,DC,20510
Tammy,Baldwin,141 Hart Senate Office Building,Washington,DC,20510
Jim,Banks,303 Hart Senate Office Building,Washington,DC,20510
John,Barrasso,307 Dirksen Senate Office Building,Washington,DC,20510
Michael F.,Bennet,261 Russell Senate Office Building,Washington,DC,20510
Marsha,Blackburn,357 Dirksen Senate Office Building,Washington,DC,20510
Richard,Blumenthal,503 Hart Senate Office Building,Washington,DC,20510
Lisa,Blunt Rochester,513 Hart Senate Office Building,Washington,DC,20510
Cory A.,Booker,306 Hart Senate Office Building,Washington,DC,20510
John,Boozman,555 Dirksen Senate Office Building,Washington,DC,20510
Katie Boyd,Britt,416 Russell Senate Office Building,Washington,DC,20510
Ted,Budd,354 Russell Senate Office Building,Washington,DC,20510
Maria,Cantwell,511 Hart Senate Office Building,Washington,DC,20510
Shelley Moore,Capito,170 Russell Senate Office Building,Washington,DC,20510
Bill,Cassidy,455 Dirksen Senate Office Building,Washington,DC,20510
Susan M.,Collins,413 Dirksen Senate Office Building,Washington,DC,20510
Christopher A.,Coons,218 Russell Senate Office Building,Washington,DC,20510
John,Cornyn,517 Hart Senate Office Building,Washington,DC,20510
Catherine,Cortez Masto,309 Hart Senate Office Building,Washington,DC,20510
Tom,Cotton,326 Russell Senate Office Building,Washington,DC,20510
Kevin,Cramer,313 Hart Senate Office Building,Washington,DC,20510
Mike,Crapo,239 Dirksen Senate Office Building,Washington,DC,20510
Ted,Cruz,167 Russell Senate Office Building,Washington,DC,20510
John R.,Curtis,B11 Russell Senate Office Building,Washington,DC,20510
Steve,Daines,320 Hart Senate Office Building,Washington,DC,20510
Tammy,Duckworth,524 Hart Senate Office Building,Washington,DC,20510
Richard J.,Durbin,711 Hart Senate Office Building,Washington,DC,20510
Joni,Ernst,260 Russell Senate Office Building,Washington,DC,20510
John,Fetterman,142 Russell Senate Office Building,Washington,DC,20510
Deb,Fischer,448 Russell Senate Office Building,Washington,DC,20510
Ruben,Gallego,302 Hart Senate Office Building,Washington,DC,20510
Kirsten E.,Gillibrand,478 Russell Senate Office Building,Washington,DC,20510
Lindsey,Graham,211 Russell Senate Office Building,Washington,DC,20510
Chuck,Grassley,135 Hart Senate Office Building,Washington,DC,20510
Bill,Hagerty,251 Russell Senate Office Building,Washington,DC,20510
Margaret Wood,Hassan,324 Hart Senate Office Building,Washington,DC,20510
Josh,Hawley,379A Russell Senate Office Building,Washington,DC,20510
Martin,Heinrich,709 Hart Senate Office Building,Washington,DC,20510
John W.,Hickenlooper,316 Hart Senate Office Building,Washington,DC,20510
Mazie K.,Hirono,109 Hart Senate Office Building,Washington,DC,20510
John,Hoeven,338 Russell Senate Office Building,Washington,DC,20510
Jon,Husted,198 Russell Senate Office Building,Washington,DC,20510
Cindy,Hyde-Smith,528 Hart Senate Office Building,Washington,DC,20510
Ron,Johnson,328 Hart Senate Office Building,Washington,DC,20510
James C.,Justice,G12 Dirksen Senate Office Building,Washington,DC,20510
Tim,Kaine,231 Russell Senate Office Building,Washington,DC,20510
Mark,Kelly,516 Hart Senate Office Building,Washington,DC,20510
John,Kennedy,437 Russell Senate Office Building,Washington,DC,20510
Andy,Kim,520 Hart Senate Office Building,Washington,DC,20510
Angus S. Jr.,King,133 Hart Senate Office Building,Washington,DC,20510
Amy,Klobuchar,425 Dirksen Senate Office Building,Washington,DC,20510
James,Lankford,731 Hart Senate Office Building,Washington,DC,20510
Mike,Lee,363 Russell Senate Office Building,Washington,DC,20510
Ben Ray,Luj√°n,498 Russell Senate Office Building,Washington,DC,20510
Cynthia M.,Lummis,127A Russell Senate Office Building,Washington,DC,20510
Edward J.,Markey,255 Dirksen Senate Office Building,Washington,DC,20510
Roger,Marshall,479A Russell Senate Office Building,Washington,DC,20510
Mitch,McConnell,317 Russell Senate Office Building,Washington,DC,20510
David,McCormick,702 Hart Senate Office Building,Washington,DC,20510
Jeff,Merkley,531 Hart Senate Office Building,Washington,DC,20510
Ashley,Moody,B40B Dirksen Senate Office Building,Washington,DC,20510
Jerry,Moran,521 Dirksen Senate Office Building,Washington,DC,20510
Bernie,Moreno,B33 Russell Senate Office Building,Washington,DC,20510
Markwayne,Mullin,330 Hart Senate Office Building,Washington,DC,20510
Lisa,Murkowski,522 Hart Senate Office Building,Washington,DC,20510
Christopher,Murphy,136 Hart Senate Office Building,Washington,DC,20510
Patty,Murray,154 Russell Senate Office Building,Washington,DC,20510
Jon,Ossoff,317 Hart Senate Office Building,Washington,DC,20510
Alex,Padilla,331 Hart Senate Office Building,Washington,DC,20510
Rand,Paul,295 Russell Senate Office Building,Washington,DC,20510
Gary C.,Peters,724 Hart Senate Office Building,Washington,DC,20510
Jack,Reed,728 Hart Senate Office Building,Washington,DC,20510
Pete,Ricketts,139 Russell Senate Office Building,Washington,DC,20510
James E.,Risch,483 Russell Senate Office Building,Washington,DC,20510
Jacky,Rosen,713 Hart Senate Office Building,Washington,DC,20510
Mike,Rounds,716 Hart Senate Office Building,Washington,DC,20510
Bernard,Sanders,332 Dirksen Senate Office Building,Washington,DC,20510
Brian,Schatz,722 Hart Senate Office Building,Washington,DC,20510
Adam B.,Schiff,112 Hart Senate Office Building,Washington,DC,20510
Eric,Schmitt,404 Russell Senate Office Building,Washington,DC,20510
Charles E.,Schumer,322 Hart Senate Office Building,Washington,DC,20510
Rick,Scott,110 Hart Senate Office Building,Washington,DC,20510
Tim,Scott,104 Hart Senate Office Building,Washington,DC,20510
Jeanne,Shaheen,506 Hart Senate Office Building,Washington,DC,20510
Tim,Sheehy,G55 Dirksen Senate Office Building,Washington,DC,20510
Elissa,Slotkin,291 Russell Senate Office Building,Washington,DC,20510
Tina,Smith,720 Hart Senate Office Building,Washington,DC,20510
Dan,Sullivan,706 Hart Senate Office Building,Washington,DC,20510
John,Thune,511 Dirksen Senate Office Building,Washington,DC,20510
Thom,Tillis,113 Dirksen Senate Office Building,Washington,DC,20510
Tommy,Tuberville,455 Russell Senate Office Building,Washington,DC,20510
Chris,Van Hollen,730 Hart Senate Office Building,Washington,DC,20510
Mark R.,Warner,703 Hart Senate Office Building,Washington,DC,20510
Raphael G.,Warnock,717 Hart Senate Office Building,Washington,DC,20510
Elizabeth,Warren,311 Hart Senate Office Building,Washington,DC,20510
Peter,Welch,124 Russell Senate Office Building,Washington,DC,20510
Sheldon,Whitehouse,530 Hart Senate Office Building,Washington,DC,20510
Roger F.,Wicker,425 Russell Senate Office Building,Washington,DC,20510
Ron,Wyden,221 Dirksen Senate Office Building,Washington,DC,20510
Todd,Young,185 Dirksen Senate Office Building,Washington,DC,20510
